lib,config,ef,recall,p50_ms,p95_ms,p99_ms,qps
annexdb,m16,32,0.7367,0.100667,0.146625,0.159958,9570.195837692785
annexdb,m16,64,0.811,0.154917,0.228084,0.264334,6228.367775774608
annexdb,m16,128,0.8635,0.268834,0.358084,0.404667,3695.524121859888
annexdb,m16,256,0.9057,0.48008300000000004,0.604459,0.65975,2111.23034675463
annexdb,m16,512,0.9405,0.882875,1.095167,1.181708,1095.3724680387354
annexdb,m16+sq8,32,0.7367,0.117334,0.16433299999999998,0.18375,8318.066215966113
annexdb,m16+sq8,64,0.811,0.186125,0.25670800000000005,0.292292,5303.757619634544
annexdb,m16+sq8,128,0.8635,0.331875,0.46516599999999997,1.212666,2822.5513718133134
annexdb,m16+sq8,256,0.9057,0.5748329999999999,0.705708,0.782833,1766.27721971186
annexdb,m16+sq8,512,0.9405,1.0568330000000001,1.2773750000000001,1.369209,963.7631868403919
annexdb,m32,32,0.821,0.15804200000000002,0.24737499999999998,0.267083,6071.289580095224
annexdb,m32,64,0.8791,0.259375,0.376084,0.429625,3816.3304032010697
annexdb,m32,128,0.926,0.472459,0.631917,0.7429169999999999,2145.668991494012
annexdb,m32,256,0.9605,0.834541,1.067208,1.1819160000000002,1228.2345114923965
annexdb,m32,512,0.9815,1.5642919999999998,2.015417,2.4792080000000003,635.0560463421566
annexdb,m32+sq8,32,0.821,0.171875,0.253417,0.278709,5647.867236654198
annexdb,m32+sq8,64,0.8791,0.283875,0.39075,0.435833,3502.3906518877257
annexdb,m32+sq8,128,0.926,0.519667,0.681709,0.777458,1943.625782066424
annexdb,m32+sq8,256,0.9605,0.912833,1.150875,1.296167,1110.8561112107855
annexdb,m32+sq8,512,0.9815,1.692416,2.079334,2.2175,608.1377805064019
