/usr/bin/ld: warning: libgfortran-83c28eba.so.5.0.0, needed by /usr/local/lib/python3.11/dist-packages/faiss/../faiss_cpu.libs/libopenblaso-r0-d77a1985.3.15.so, not found (try using -rpath or -rpath-link)
# faiss 1.15.1 simd: OPTIMIZE DD AVX2 AVX512 AVX512_SPR AVX512_VPOPCNT 
dot_f32	hnswlib	96	7.696	ns
dot_f32	faiss	96	7.695	ns
l2sq_f32	hnswlib	96	12.334	ns
l2sq_f32	faiss	96	8.790	ns
dot_f32	hnswlib	100	11.222	ns
dot_f32	faiss	100	9.249	ns
l2sq_f32	hnswlib	100	26.994	ns
l2sq_f32	faiss	100	9.588	ns
dot_f32	hnswlib	128	10.034	ns
dot_f32	faiss	128	9.906	ns
l2sq_f32	hnswlib	128	15.216	ns
l2sq_f32	faiss	128	10.209	ns
dot_f32	hnswlib	256	22.546	ns
dot_f32	faiss	256	20.794	ns
l2sq_f32	hnswlib	256	26.883	ns
l2sq_f32	faiss	256	22.643	ns
dot_f32	hnswlib	384	28.477	ns
dot_f32	faiss	384	26.180	ns
l2sq_f32	hnswlib	384	36.814	ns
l2sq_f32	faiss	384	26.745	ns
dot_f32	hnswlib	768	56.820	ns
dot_f32	faiss	768	54.805	ns
l2sq_f32	hnswlib	768	68.489	ns
l2sq_f32	faiss	768	51.899	ns
dot_f32	hnswlib	960	65.566	ns
dot_f32	faiss	960	61.051	ns
l2sq_f32	hnswlib	960	87.890	ns
l2sq_f32	faiss	960	78.679	ns
dot_f32	hnswlib	1536	111.342	ns
dot_f32	faiss	1536	111.518	ns
l2sq_f32	hnswlib	1536	155.794	ns
l2sq_f32	faiss	1536	112.394	ns
maxsim	eigen	d128/n200/q32	16.349	us
maxsim	openblas	d128/n200/q32	28.387	us
maxsim	eigen	d128/n100/q32	9.171	us
maxsim	openblas	d128/n100/q32	14.775	us
maxsim	eigen	d128/n300/q32	24.526	us
maxsim	openblas	d128/n300/q32	46.812	us
maxsim	eigen	d96/n200/q32	12.806	us
maxsim	openblas	d96/n200/q32	25.346	us
maxsim	eigen	d384/n200/q32	47.345	us
maxsim	openblas	d384/n200/q32	73.471	us
maxsim	eigen	d128/n200/q8	7.455	us
maxsim	openblas	d128/n200/q8	16.095	us
