lib,config,ef,recall,p50_ms,p95_ms,p99_ms,qps
annexdb,m16,32,0.9967,0.280791,0.46737500000000004,0.636542,3355.0996992032337
annexdb,m16,64,0.9985,0.439,0.6512910000000001,0.769291,2227.7414516687313
annexdb,m16,128,0.9994,0.757375,1.855833,3.3625,1066.1360466812246
annexdb,m16,256,0.9997,1.2050830000000001,3.054209,5.778917,700.6209029487856
annexdb,m16,512,0.9997,1.771625,2.936334,3.835584,544.034446601491
annexdb,m16+sq8,32,0.9967,0.257375,0.39408299999999996,0.476834,3753.4416338537258
annexdb,m16+sq8,64,0.9985,0.49283400000000005,1.2743330000000002,2.016417,1666.830957860028
annexdb,m16+sq8,128,0.9994,0.697083,1.728084,4.105583,1162.0895968592308
annexdb,m16+sq8,256,0.9997,1.1757090000000001,2.4160000000000004,4.232083,759.8645136243391
annexdb,m16+sq8,512,0.9997,1.934791,4.555333,7.331417,445.51133962218023
annexdb,m32,32,0.999,0.375959,0.5928329999999999,0.7345,2559.525225134239
annexdb,m32,64,0.9997,0.6994170000000001,1.623667,3.129125,1201.9090122762698
annexdb,m32,128,1.0,0.8654999999999999,1.4568750000000001,1.7842909999999998,1108.7818479106115
annexdb,m32,256,1.0,1.371375,2.867708,6.705459,626.7548918914488
annexdb,m32,512,1.0,3.884375,14.740375,31.522374999999997,176.37021153865217
annexdb,m32+sq8,32,0.999,1.113375,4.760375,10.267625,588.9152700071215
annexdb,m32+sq8,64,0.9997,1.166584,6.581666,17.059125,481.80425092277056
annexdb,m32+sq8,128,1.0,2.9224580000000002,12.680916999999999,30.328791000000002,215.7787879022184
annexdb,m32+sq8,256,1.0,3.5461669999999996,18.599667,73.304666,135.21835076183314
annexdb,m32+sq8,512,1.0,2.720917,8.582374999999999,21.281042,261.0292195857816
